"Brand","Model","Variant","Release Year","Status","MSRP USD","SoC","OS","RAM GB","Storage GB","microSD","Battery mAh","DAC","Amp","3.5mm","4.4mm","SE Power mW","BAL Power mW","Source URL","Notes","Colors","Image URL","Image Source URL","Image Credit","Image Type","image_filename","image_url","image_source_url","image_credit","color_variants","2.5mm","6.35mm","Bluetooth","Wi-Fi","Cellular","4G","5G","Bluetooth Version","Bluetooth Codecs","USB DAC","Line Out","Coax Out","Optical Out","Balanced Output Type","SE Power Load","BAL Power Load","Display Size","Weight","Dimensions","PCM Max","DSD Max","MQA","Streaming Services","Wi-Fi Bands","USB Port","Battery Life Hours","Storage Expansion Max"
"Astell&Kern","A&norma SR35","","2023","Active","$799","Quad-core","Android-based","4","64","TRUE","3150","Quad CS43198","","TRUE","TRUE","","","https://www.astellnkern.com/en/product/view.php?idx=138","Verified - Official: Astell&Kern SR35 page confirms Quad-core CPU, Cirrus Logic CS43198 x4 Quad-DAC, 64GB NAND, microSD up to 1TB, 3150mAh battery, 20h playback, 3.5mm unbalanced plus 2.5mm/4.4mm balanced outputs, Bluetooth 5.0 with aptX HD/LDAC, PCM 32/384 and Native DSD256 support, and $800 official price.","","","","","","astell-kern-a-norma-sr35.webp","","https://www.astellnkern.com/en/product/view.php?idx=138","Astell&Kern","","TRUE","","TRUE","","","","","5.0","aptX HD, LDAC","","","","","2.5mm/4.4mm","","","","","","32-bit/384kHz","DSD256","","","","","20h","1TB"
"Astell&Kern","A&ultima SP3000","","2022","Active","$3699","Snapdragon 6125","Android-based","8","256","TRUE","5050","AK4191EQ + Dual AK4499EX","","TRUE","TRUE","","","https://www.astellnkern.com/en/product/view.php?idx=133","Verified - Official: Astell&Kern SP3000 page confirms Snapdragon 6125 Octa-core CPU, 8GB DDR4 memory, AK4191 x2 + AK4499EX x4 DAC structure, 256GB NAND, microSD up to 1TB, 5050mAh battery, about 10h playback, 3.5mm/2.5mm/4.4mm outputs, PCM 32/768 and Native DSD512 support, and $3700 official price.","","","","","","astell-kern-a-ultima-sp3000.webp","","https://www.astellnkern.com/en/product/view.php?idx=133","Astell&Kern","","TRUE","","","","","","","","","","","","","2.5mm/4.4mm","","","","","","32-bit/768kHz","DSD512","","","","","10h","1TB"
"Astell&Kern","A&ultima SP3000M","","2024","Active","$2299","Snapdragon 6125","Android-based","8","256","TRUE","4200","AK4191EQ + Dual AK4499EX","","TRUE","TRUE","","","https://www.astellnkern.com/en/product/view.php?idx=153","Verified - Official: Astell&Kern SP3000M page confirms Snapdragon 6125 Octa-core CPU, 8GB DDR4 memory, AK4191EQ x2 + AK4499EX x4 DAC structure, 256GB NAND, microSD up to 1.5TB, 4200mAh battery, about 10h playback, 3.5mm and 4.4mm outputs, PCM 32/768 and Native DSD512 support, and $2300 official price.","","","","","","astell-kern-a-ultima-sp3000m.webp","","https://www.astellnkern.com/en/product/view.php?idx=153","Astell&Kern","","","","","","","","","","","","","","","4.4mm","","","","","","32-bit/768kHz","DSD512","","","","","10h","1.5TB"
"Astell&Kern","KANN MAX","","2022","Active","$1300","Quad-core","Android-based","4","64","TRUE","5600","Quad ES9038Q2M","","TRUE","TRUE","","","https://www.astellnkern.com/en/product/view.php?idx=128","Verified - Official: Astell&Kern KANN MAX page confirms Quad-core CPU, ESS ES9038Q2M x4 Quad-DAC, 64GB NAND, microSD up to 1TB, 5600mAh battery, about 13h playback, 3.5mm unbalanced/optical plus 2.5mm/4.4mm balanced outputs, and up to 8Vrms unbalanced / 15Vrms balanced output. BAL Power mW cleared because official specs are Vrms, not mW.","","","","","","astell-kern-kann-max.webp","","https://www.astellnkern.com/en/product/view.php?idx=128","Astell&Kern","","TRUE","","","","","","","","","","","","TRUE","2.5mm/4.4mm","","","","","","","","","","","","13h","1TB"
"Astell&Kern","KANN ULTRA","","2023","Active","$1599","Quad-core","Android-based","4","128","TRUE","8400","Dual ES9039MPRO","","TRUE","TRUE","","","https://www.astellnkern.com/en/product/view.php?idx=145","Verified - Official: Astell&Kern KANN ULTRA page confirms Octa-core CPU, ES9039MPRO x2 DACs, 128GB NAND, microSD up to 1TB, 8400mAh battery, about 11h playback, 3.5mm and 4.4mm headphone/pre/line outputs, Bluetooth 5.3 with aptX HD/LDAC/LHDC, PCM 32/768 and Native DSD512 support, and up to 8Vrms unbalanced / 16Vrms balanced headphone output.","","","","","","astell-kern-kann-ultra.webp","","https://www.astellnkern.com/en/product/view.php?idx=145","Astell&Kern","","","","TRUE","","","","","5.3","aptX HD, LDAC, LHDC","","TRUE","","","4.4mm","","","","","","32-bit/768kHz","DSD512","","","","","11h","1TB"
"FiiO","JM21","4GB/64GB Refresh","2026","Active","$250","Snapdragon 680","Android 13","4","64","TRUE","3100","Dual CS43198","","TRUE","TRUE","245","700","https://www.fiio.com/jm21","Verified - Official: FiiO JM21 Basic Specifications confirm both 3GB/32GB and 4GB/64GB configurations, Snapdragon 680, Android 13, CS43198 x2 DACs, SGM8262 x2 op-amps, microSD up to 2TB, 3.5mm + 4.4mm outputs, 245mW SE and 700mW BAL @32?, 3100mAh battery for 4GB/64GB, and 16h SE / 12.5h BAL battery life for 4GB/64GB.","","","","","","jm21-blue.webp","","https://www.fiio.com/jm21","FiiO","Blue","","","","","","","","","","","","","","4.4mm","32?","32?","","","","","","","","","","16h SE / 12.5h BAL","2TB"
"FiiO","JM21","Original 3GB/32GB","2025","Active","$199","Snapdragon 680","Android 13","3","32","TRUE","2400","Dual CS43198","","TRUE","TRUE","245","700","https://www.fiio.com/jm21","Verified - Official: FiiO JM21 Basic Specifications confirm the original 3GB/32GB configuration, Snapdragon 680, Android 13, CS43198 x2 DACs, SGM8262 x2 op-amps, microSD up to 2TB, 3.5mm + 4.4mm outputs, 245mW SE and 700mW BAL @32?, 2400mAh battery, and 12.5h SE / 9.5h BAL battery life.","","","","","","jm21-blue.webp","","https://www.fiio.com/jm21","FiiO","Blue","","","","","","","","","","","","","","4.4mm","32?","32?","","","","","","","","","","12.5h SE / 9.5h BAL","2TB"
"FiiO","M7","","2018","Discontinued","$199","","Android-based","","2","TRUE","1180","ES9018Q2C","ES9018Q2C integrated amp","TRUE","FALSE","49","","https://www.fiio.com/m7","Verified - Official: FiiO page confirms Exynos 7270 platform, ES9018Q2C DAC/amp, 2GB built-in storage, microSD up to 512GB, 1180mAh battery, 20h playback, 3.5mm output, Bluetooth 4.2, LDAC/aptX HD, USB audio out. RAM not listed on parsed official page.","","","","","","fiio-m7.webp","","https://www.fiio.com/m7","FiiO","","","","TRUE","","","","","4.2","aptX HD, LDAC","","","","","","","","","","","","","","","","","20h","512GB"
"FiiO","M9","","2018","Discontinued","$299","Exynos 7270","Android-based","","2","TRUE","2350","Dual AK4490EN","","TRUE","FALSE","","","https://www.fiio.com/m9","Verified - Official: FiiO page confirms Exynos 7270, dual AK4490EN DACs, 3.5mm + 2.5mm outputs, 10h playback, 2GB storage, microSD up to 2TB, USB DAC/audio, Bluetooth 4.2, LDAC/aptX HD. 4.4mm is FALSE because balanced output is 2.5mm. Battery mAh retained from existing public specs; official parsed page confirms playback time but not battery capacity.","","","","","","fiio-m9.webp","","https://www.fiio.com/m9","FiiO","","TRUE","","TRUE","","","","","4.2","aptX HD, LDAC","TRUE","","","","2.5mm","","","","","","","","","","","","10h","2TB"
"FiiO","M11","","2019","Discontinued","$449","Exynos 7872","Android 7.0","3","32","TRUE","3800","Dual AK4493","","TRUE","TRUE","","550","https://www.fiio.com/m11","Verified - Official: FiiO page confirms Exynos 7872, 3GB RAM, 32GB storage, dual AK4493 DACs, 2.5mm/3.5mm/4.4mm outputs, Android 7.0, 13h battery life, dual microSD slots up to 2TB each, Bluetooth and Wi-Fi features. Battery mAh retained from existing specs; official parsed page confirms battery life.","","","","","","fiio-m11.webp","","https://www.fiio.com/m11","FiiO","","TRUE","","TRUE","TRUE","","","","","","","","","","2.5mm/4.4mm","","","","","","","","","","","","13h","2TB each"
"FiiO","M11 Plus ESS","","2022","Discontinued","$699","Snapdragon 660","Android 10","4","64","TRUE","6000","Dual ES9068AS","Dual THX AAA-78","TRUE","TRUE","206","588","https://www.fiio.com/m11plusess","Verified - Official: FiiO page confirms Snapdragon 660, Android 10, dual ES9068AS DACs, dual THX AAA-78 amps, 6000mAh battery, 3.5mm/2.5mm/4.4mm outputs, 206mW SE and 588mW BAL @ 32?. RAM/storage retained from existing specs; official parsed page did not expose them clearly.","","","","","","fiio-m11-plus-ess.webp","","https://www.fiio.com/m11plusess","FiiO","","TRUE","","","","","","","","","","","","","2.5mm/4.4mm","32?","32?","","","","","","","","","","",""
"FiiO","M11 Plus LTD","","2021","Discontinued","$749","Snapdragon 660","Android 10","4","64","TRUE","6000","Dual AK4497EQ","Dual THX AAA-78","TRUE","TRUE","206","588","https://www.fiio.com/m11plusltd","Verified - Official: FiiO page confirms Snapdragon 660, Android 10, dual AK4497EQ DACs, dual THX AAA-78 amps, 6000mAh battery, 3.5mm/2.5mm/4.4mm outputs, 206mW SE and 588mW BAL @ 32?. RAM/storage retained from existing specs; official parsed page did not expose them clearly.","","","","","","fiio-m11-plus-ltd.webp","","https://www.fiio.com/m11plusltd","FiiO","","TRUE","","","","","","","","","","","","","2.5mm/4.4mm","32?","32?","","","","","","","","","","",""
"FiiO","M11S","","2022","Discontinued","$499","Snapdragon 660","Android 10","3","32","TRUE","5300","Dual ES9038Q2M","","TRUE","TRUE","200","670","https://www.fiio.com/m11s","Verified - Official: FiiO page confirms Snapdragon 660, Android 10, dual ES9038Q2M DACs, 5-inch display, 14h battery life, output power 200mW SE and 670mW BAL @ 32?. Battery capacity/RAM/storage retained from existing specs; official parsed page did not expose them clearly.","","","","","","fiio-m11s.webp","","https://www.fiio.com/m11s","FiiO","","","","","","","","","","","","","","","","32?","32?","5in","","","","","","","","","14h",""
"FiiO","M15","","2020","Discontinued","$1299","Exynos 7872","Android 7","3","64","TRUE","7490","Dual AK4499EQ","","TRUE","TRUE","490","800","https://www.fiio.com/m15","Verified - Official: FiiO page confirms Exynos 7872, dual AK4499EQ DACs, 2.5mm/3.5mm/4.4mm outputs, 7490mAh battery, 15h battery life, 490mW SE and 800mW BAL @ 32? in big-driver mode. RAM/storage retained from existing specs.","","","","","","fiio-m15.webp","","https://www.fiio.com/m15","FiiO","","TRUE","","","","","","","","","","","","","2.5mm/4.4mm","32?","32?","","","","","","","","","","15h",""
"FiiO","M15S","","2023","Active","$999","Snapdragon 660","Android 10","4","64","TRUE","6200","ES9038PRO","","TRUE","TRUE","","1200","https://www.fiio.com/m15s","Verified - Official: FiiO page confirms ES9038PRO DAC, Snapdragon 660 + Android 10, 3.5mm SE and 4.4mm balanced outputs, microSD up to 2TB, Bluetooth 5.0, and 1200mW+1200mW continuous output. Battery/RAM/storage retained from existing specs; official parsed page did not expose battery capacity clearly.","","","","","","fiio-m15s.webp","","https://www.fiio.com/m15s","FiiO","","","","TRUE","","","","","5.0","","","","","","4.4mm","","","","","","","","","","","","","2TB"
"FiiO","M17","","2021","Active","$1799","Snapdragon 660","Android 10","4","64","TRUE","9200","Dual ES9038PRO","Dual THX AAA 788+","TRUE","TRUE","1500","3000","https://www.fiio.com/m17","Verified - Official: FiiO page confirms Snapdragon 660, Android 10, dual ES9038PRO DACs, dual THX AAA 788+ amps, 4GB RAM, 64GB storage, microSD up to 2TB, 9200mAh battery, 1500mW SE @ 16? and 3000mW BAL @ 32?, 3.5mm/2.5mm/4.4mm outputs.","","","","","","fiio-m17.webp","","https://www.fiio.com/m17","FiiO","","TRUE","","","","","","","","","","","","","2.5mm/4.4mm","16?","32?","","","","","","","","","","","2TB"
"FiiO","M21","","2026","Active","$329","Snapdragon 680","Android 13","4","64","TRUE","4000","Quad CS43198","OPA1692 + SGM8262-2","TRUE","TRUE","290","950","https://www.fiio.com/m21","Verified - Web: M21 specs supported by What Hi-Fi/Android Central coverage plus FiiO product page link; quad CS43198, Snapdragon 680, Android 13, 4000mAh, 3.5mm/4.4mm, 290mW SE and 950mW BAL @ 32?.","","","","","","fiio-m21.webp","","https://www.fiio.com/m21","FiiO","","","","","","","","","","","","","","","4.4mm","32?","32?","","","","","","","","","","",""
"FiiO","M23","","2024","Active","$699","Snapdragon 660","Android 10","4","64","TRUE","5500","AK4191EQ + AK4499EX","","TRUE","TRUE","","1000","https://www.fiio.com/m23","Verified - Official: FiiO M23 product page confirms AK4191EQ + AK4499EX, 5500mAh battery, 4GB RAM, 64GB storage, microSD, 3.5mm + 4.4mm outputs, and up to 1000mW @ 32? balanced in Super High Gain.","","","","","","fiio-m23.webp","","https://www.fiio.com/m23","FiiO","","","","","","","","","","","","","","","4.4mm","","32?","","","","","","","","","","",""
"FiiO","Snowsky Disc","","2026","Active","$80","Ingenic X2000","Linux-based Snowsky OS","","","TRUE","1450","Dual CS43131","Independent headphone amp power supply","TRUE","TRUE","","280","https://www.fiio.com/DISC","Verified against FiiO page: 3.5mm + 4.4mm, LDAC Bluetooth 5.4, Wi-Fi/AirPlay, USB DAC/audio, SPDIF/coax, X2000 chip, Linux-based OS, dual CS43131, 280mW output, up to 2TB microSD, 1450mAh battery, 12h battery life.","","","","","","fiio-snowsky-disc.webp","","https://www.fiio.com/DISC","FiiO","","","","TRUE","TRUE","","","","5.4","LDAC","TRUE","","TRUE","","4.4mm","","","","","","","","","AirPlay","","","12h","2TB"
"FiiO","Snowsky Echo Mini","","2024","Active","$49","","Snowsky OS","0.5","8","TRUE","1100","Dual ES9068AS","","TRUE","TRUE","","250","https://www.fiio.com/echomini","Verified against FiiO page: retro UI, 3.5mm + 4.4mm, dual ES9068AS DACs, up to 250mW output, Bluetooth 5.3 transmit, 1100mAh battery, >15h battery life, 512MB/8GB storage, up to 256GB microSD, USB sound card mode.","","","","","","fiio-snowsky-echo-mini.webp","","https://www.fiio.com/echomini","FiiO","","","","TRUE","","","","","5.3","","TRUE","","","","4.4mm","","","","","","","","","","","",">15h","256GB"
"FiiO","Snowsky Echo Nano","","2026","Active","","","Snowsky OS","","","TRUE","","CS43131","","TRUE","FALSE","","","https://www.fiio.com/ECHONANO","Verified against FiiO page: released product page exists. Metal body, 0.91-inch OLED, CS43131 DAC, USB DAC/UAC mode, DSD256 and PCM 24/192 support, 3.5mm output, CTIA in-line controls, up to 256GB microSD. No 4.4mm listed on official page.","","","","","","fiio-snowsky-echo-nano.webp","","https://www.fiio.com/ECHONANO","FiiO","","","","","","","","","","","TRUE","","","","","","","0.91in","","","24-bit/192kHz","DSD256","","","","","","256GB"
"FiiO","X5 III","","2017","Discontinued","$350","RK3188","Android 5.1","1","32","TRUE","3400","Dual AK4490","","TRUE","FALSE","","","https://www.fiio.com/x5iii","Verified - Official: FiiO X5 III page confirms X5 3rd gen, dual AK4490EN DACs, Android 5.1, single-ended + balanced headphone outputs, Bluetooth 4.0, Wi-Fi 2.4G, 32GB built-in storage, dual microSD slots up to 256GB each, 3400mAh battery, USB DAC mode. 4.4mm remains FALSE because the balanced output is not 4.4mm.","","","","","","fiio-x5-iii.webp","","https://www.fiio.com/x5iii","FiiO","","","","TRUE","TRUE","","","","4.0","","TRUE","","","","Balanced","","","","","","","","","","2.4GHz","","","256GB each"
"FiiO","X7 Mark II","","2017","Discontinued","$650","RK3188","Android 5.1","2","64","TRUE","3800","ESS9028PRO","","TRUE","FALSE","","","https://en.wikipedia.org/wiki/FiiO_X_Series","Verified - Web/spec table: X Series table lists X7 Mark II as 2017, $650, RK3188, 2GB RAM, 64GB storage, 3800mAh battery, ESS9028PRO, microSD, 3.5mm and 2.5mm balanced. Main sheet keeps 4.4mm FALSE because output is 2.5mm, not 4.4mm.","","","","","","fiio-x7-mark-ii.webp","","https://en.wikipedia.org/wiki/FiiO_X_Series","FiiO","","TRUE","","","","","","","","","","","","","2.5mm","","","","","","","","","","","","",""
"HiBy","M300","3GB/32GB","2024","Active","$199","Snapdragon 665","Android 13","3","32","TRUE","2000","CS43131","","TRUE","FALSE","103","","https://store.hiby.com/products/hiby-digital-m300","Verified - Official/Web: HiBy product page confirms Snapdragon 665, Android 13, 29h playback, 136g body. HiBy-hosted review/spec table confirms $199 launch, 3GB RAM, 32GB storage, CS43131 DAC, 3.5mm output, 103mW @32?, microSD up to 2TB, and 2000mAh battery. No 4.4mm.","","","","","","hiby-m300.webp","","https://store.hiby.com/products/hiby-digital-m300","HiBy","","","","","","","","","","","","","","","","32?","","","136g","","","","","","","","29h","2TB"
"HiBy","M500","4G","2026","Active","$349","Snapdragon 680","Android 14","4","64","TRUE","4500","Dual CS43198","","TRUE","TRUE","","500","https://store.hiby.com/products/hiby-digital-m500","Partial - Official page + retail listing: HiBy page confirms M500 WiFi/4G options and $319 base WiFi listing, but the text parser exposes specs mostly as images. Existing 4G fields retained from public listings: Snapdragon 680, Android 14, 4GB/64GB, 4500mAh, dual CS43198, 3.5mm/4.4mm, microSD. Needs readable review/AliExpress/Amazon spec table.","","","","","","hiby-m500.webp","","https://store.hiby.com/products/hiby-digital-m500","HiBy","","","","","TRUE","TRUE","TRUE","","","","","","","","4.4mm","","","","","","","","","","","","",""
"HiBy","M500","WiFi","2026","Active","$319","Snapdragon 680","Android 14","4","64","TRUE","4500","Dual CS43198","","TRUE","TRUE","","500","https://store.hiby.com/products/hiby-digital-m500","Partial - Official page + retail listing: HiBy page confirms M500 WiFi/4G options and $319 base WiFi listing, but the text parser exposes specs mostly as images. Existing WiFi fields retained from public listings: Snapdragon 680, Android 14, 4GB/64GB, 4500mAh, dual CS43198, 3.5mm/4.4mm, microSD. Needs readable review/AliExpress/Amazon spec table.","","","","","","hiby-m500.webp","","https://store.hiby.com/products/hiby-digital-m500","HiBy","","","","","TRUE","","","","","","","","","","4.4mm","","","","","","","","","","","","",""
"HiBy","R1","","2024","Active","$85","X1600E","HiByOS (Linux-based)","","","TRUE","","CS43131","","TRUE","FALSE","","","https://store.hiby.com/products/hiby-r1","Verified - Official: HiBy page confirms $85 MSRP/$69 sale, X1600E SoC, CS43131 DAC, HiByOS Linux-based OS, 3.5mm output, Bluetooth 5.1, WiFi, DSD256/PCM32-384, microSD up to 2TB, 15h playback and 400h standby. Battery mAh not exposed in parsed page.","","","","","","hiby-r1.webp","","https://store.hiby.com/products/hiby-r1","HiBy","","","","TRUE","TRUE","","","","5.1","","","","","","","","","","","","32-bit/384kHz","DSD256","","","","","15h","2TB"
"HiBy","R3 II","2025","2025","Active","$179","X1600E","HiByOS (Linux-based)","","","TRUE","","Dual ES9219C","","TRUE","TRUE","","340","https://store.hiby.com/products/hiby-r3-ii-2025","Verified - Official: HiBy page confirms R3 II 2025, $179 MSRP/$159 sale, X1600E SoC, dual ES9219C DACs, 340mW @32?, HiByOS Linux-based OS, DSD256/PCM32-384, 3.2in touchscreen, USB audio dongle mode, and 19h play time. Battery mAh not exposed in parsed page.","","","","","","hiby-r3-ii.webp","","https://store.hiby.com/products/hiby-r3-ii-2025","HiBy","","","","","","","","","","","TRUE","","","","","","","3.2in","","","32-bit/384kHz","DSD256","","","","","19h",""
"HiBy","R3 Pro","","2019","Discontinued","$199","Ingenic X1000E","HiByOS","","","TRUE","1600","Dual CS43131","CS43131 integrated amp","TRUE","FALSE","60","220","https://headfonics.com/hiby-r3-pro-review/","Verified - Review: Headfonics review confirms $199 price, dual CS43131 DACs, HiByOS/non-Android platform, 3.5mm + 2.5mm outputs, 1600mAh battery, 20h SE/16h balanced battery life, 60mW SE and 220mW balanced @32?. Main sheet keeps 4.4mm FALSE because balanced output is 2.5mm.","","","","","","hiby-r3-pro.webp","","https://headfonics.com/hiby-r3-pro-review/","HiBy","","TRUE","","","","","","","","","","","","","2.5mm","32?","32?","","","","","","","","","","20h SE / 16h balanced",""
"HiBy","R3 Pro Saber","","2020","Discontinued","$209","Ingenic X1000E","HiByOS","","","TRUE","1600","Dual ES9218P","ES9218P integrated amp","TRUE","FALSE","","","https://www.linsoul.com/products/hiby-r3-pro-saber","Verified - Retail/Web: Linsoul listing confirms R3 Pro Saber, $209 no-case / $219 with case, dual ES9218P, Bluetooth 5.0, 5G Wi-Fi, MQA, HiByOS, and fully balanced 2.5mm output. Battery/SoC retained from R3 Pro-family public specs. Main sheet keeps 4.4mm FALSE because balanced output is 2.5mm.","","","","","","hiby-r3-pro-saber-2020.webp","","https://www.linsoul.com/products/hiby-r3-pro-saber","HiBy","","TRUE","","TRUE","TRUE","","","","5.0","","","","","","2.5mm","","","","","","","","TRUE","","5GHz","","",""
"HiBy","R4","","2024","Active","$249","Snapdragon 665","Android 12","3","32","TRUE","4500","Quad ES9018C2M","","TRUE","TRUE","","525","https://store.hiby.com/products/hiby-r4","Verified - Official: HiBy page confirms Snapdragon 665, Android 12, ES9018C2M x4, same configuration across official colors, 11h SE runtime and over 675h standby. RAM/storage/battery/output retained from existing public specs; official parsed page did not expose all hardware image details.","","","","","","hiby-r4.webp","","https://store.hiby.com/products/hiby-r4","HiBy","","","","","","","","","","","","","","","","","","","","","","","","","","","11h SE",""
"HiBy","R5 II","Gen 2","2022","Active","$449","Snapdragon 425","Android 8.1","2","16","TRUE","4500","Dual ES9219C","Class A discrete amp","TRUE","TRUE","150","475","https://store.hiby.com/products/hiby-r5-gen-2","Verified - Official: HiBy page confirms R5 Gen 2, Android 8.1, Snapdragon 425, dual ES9219C, 2GB RAM, 16GB storage, microSD <2TB, 4500mAh battery, 2.5/3.5/4.4mm outputs, Class A mode, 150mW SE and 475mW BAL @32? in Class A mode.","","","","","","hiby-r5-ii-gen-2.webp","","https://store.hiby.com/products/hiby-r5-gen-2","HiBy","","TRUE","","","","","","","","","","","","","2.5mm/4.4mm","32?","32?","","","","","","","","","","","2TB"
"HiBy","R6 III","2025","2025","Active","$439","Snapdragon 665","Android 12","4","64","TRUE","4500","Quad CS43198","Class A/AB amp","TRUE","TRUE","","","https://store.hiby.com/products/hiby-r6-iii-2025","Verified - Official: HiBy page confirms R6 III 2025, $439 regular/$399 sale, Snapdragon 665, Android 12, CS43198 x4, switchable Class A/AB amplification, 4+64GB storage, up to 13h SE Class AB and up to 12h balanced Class AB. Battery/output mW retained/left blank where not exposed in parsed page.","","","","","","hiby-r6-iii-2025.webp","","https://store.hiby.com/products/hiby-r6-iii-2025","HiBy","","","","","","","","","","","","","","","","","","","","","","","","","","","13h SE Class AB / 12h balanced Class AB",""
"HiBy","R6 Pro II","","2023","Active","$749","Snapdragon 665","Android 12","4","64","TRUE","5000","AK4191EQ + Dual AK4499EX","Class A/AB amp","TRUE","TRUE","","383","https://store.hiby.com/products/r6-pro-ii-gen-2","Verified - Official: HiBy original R6 Pro II page confirms AK4191EQ + dual AK4499EX DAC, Snapdragon 665, Open Android 12, 5000mAh battery, 5.9in 1080p display, Class A/AB amp, 4.4mm balanced runtimes of 5h Class A / 7h Class AB, and 285g weight. Existing RAM/storage/output retained where specs are image-based on the page.","","","","","","hiby-r6-pro-ii.webp","","https://store.hiby.com/products/r6-pro-ii-gen-2","HiBy","","","","","","","","","","","","","","","4.4mm","","","5.9in","285g","","","","","","","","5h Class A / 7h Class AB",""
"HiBy","R8 II","","2023","Active","$1999","Snapdragon 665","Android 12","8","256","TRUE","12000","Darwin-MPA architecture","Class A/AB amp","TRUE","TRUE","","710","https://store.hiby.com/products/hiby-r8-ii","Verified - Official: HiBy page confirms $1999 SRP, Snapdragon 665, Android 12, Darwin-MPA architecture, 8GB/256GB, 12000mAh battery, 3.5mm + 4.4mm dual independent headphone/line outs, 5.9in 1080p+ display, 18h Class A and 21h Class AB runtime. Output mW retained from existing public specs.","","","","","","hiby-r8-ii.webp","","https://store.hiby.com/products/hiby-r8-ii","HiBy","","","","","","","","","","","","TRUE","","","4.4mm","","","5.9in","","","","","","","","","18h Class A / 21h Class AB",""
"HiBy","RS2","","2022","Active","$479","","HiByOS PureAudio","","","TRUE","3500","Darwin R2R architecture","","TRUE","TRUE","","320","https://store.hiby.com/products/hiby-rs2","Verified - Official: HiBy page confirms $479 regular price, Darwin architecture / R2R design, HiByOS PureAudio version, dual microSD support up to 4TB, NOS/OS mode, 10h continuous playback, 40-day standby, 158g weight. Battery/output retained from existing public specs; official parsed page does not expose every audio spec line.","","","","","","hiby-rs2.webp","","https://store.hiby.com/products/hiby-rs2","HiBy","","","","","","","","","","","","","","","","","","","158g","","","","","","","","10h","4TB"
"HiBy","RS6","","2021","Discontinued","$1399","Snapdragon 660","Android 9","4","64","TRUE","4500","Darwin R2R architecture","","TRUE","TRUE","","690","https://store.hiby.com/products/hiby-rs6","Verified - Official: HiBy page confirms Snapdragon 660, Android 9.0, Darwin architecture, 5in 1080p display, Direct Transport Architecture, 16x MQA, $1399 regular price, and 8.5h continuous playback. RAM/storage/battery/output retained from existing public specs.","","","","","","hiby-rs6.webp","","https://store.hiby.com/products/hiby-rs6","HiBy","","","","","","","","","","","","","","","","","","5in","","","","","TRUE","","","","8.5h",""
"HiBy","RS8","","2022","Active","$3299","Snapdragon 665","Android 12","8","256","TRUE","12000","2nd gen Darwin R2R architecture","Class A/AB amp","TRUE","TRUE","","1500","https://store.hiby.com/products/hiby-rs8","Verified - Official: HiBy page confirms Snapdragon 665, Android 12, 2nd-gen Darwin architecture, 8GB/256GB, microSD up to 2TB, pure titanium chassis, 5.5in 1080p display, and 8h through 4.4mm balanced. Battery/output retained from existing public specs where official parsed specs are incomplete.","","","","","","hiby-rs8.webp","","https://store.hiby.com/products/hiby-rs8","HiBy","","","","","","","","","","","","","","","4.4mm","","","5.5in","","","","","","","","","8h through 4.4mm balanced","2TB"
"Hidizs","AP30","Kickstarter","2026","Upcoming","","RKNANOD","HidizsOS","","","TRUE","1200","CS43198","RT6863","TRUE","TRUE","","","https://www.hidizs.net/products/hidizs-ap30-music-boy-the-truly-wearable-palm-sized-hi-res-music-player","Verified - Official: Hidizs AP30 Music Boy page confirms upcoming/coming soon status, CS43198 DAC, RKNANOD master chip, RT6863 amplifier chip, HidizsOS, DSD256 and PCM 24/192 decoding, USB DAC mode, Bluetooth 5.3, microSD up to 256GB, 68x53x17mm size, 56g weight, 1200mAh battery, 10-12h PO / 8-10h BAL playback, and 3.5mm single-ended plus 4.4mm balanced outputs.","","","","","","hidizs-ap30.webp","","https://www.hidizs.net/products/hidizs-ap30-music-boy-the-truly-wearable-palm-sized-hi-res-music-player","Hidizs","","","","TRUE","","","","","5.3","","TRUE","","","","4.4mm","","","","56g","68x53x17mm","24-bit/192kHz","DSD256","","","","","10-12h PO / 8-10h BAL","256GB"
"Hidizs","AP80","","2018","Discontinued","$139","Ingenic X1000","HiByOS","","","TRUE","800","ES9218P","","TRUE","FALSE","","","https://www.hidizs.net/products/ap80-high-resolution-portable-music-player","Verified - Official: Hidizs AP80 page confirms AP80 product page, regular price $139, HiBy OS full touch screen, LDAC and full format support, expandable storage, bi-directional USB DAC, MQA 4x support, 2.45in 480x360 Samsung IPS display, ESS ES9218P decoding chip, bidirectional Bluetooth 4.0 with AAC/aptX/LDAC, FM radio, pedometer, 15h runtime, and 3.5mm single-ended output. 4.4mm remains FALSE.","","","","","","hidizs-ap80.webp","","https://www.hidizs.net/products/ap80-high-resolution-portable-music-player","Hidizs","","","","TRUE","","","","","4.0","AAC, aptX, LDAC","TRUE","","","","","","","2.45in","","","","","TRUE","","","","15h",""
"Hidizs","AP80 Pro","","2020","Discontinued","$169","Ingenic X1000","HiByOS","","","TRUE","800","Dual ES9218P","","TRUE","FALSE","","","https://www.hidizs.net/products/ap80-pro-fully-balanced-lossless-music-player","Verified - Official: Hidizs AP80 Pro page confirms AP80 Pro product page, regular price $168.99, dual DAC/precision FPGA design, MQA 4x, bidirectional Bluetooth 4.2 with UAT, single-ended 3.5mm and balanced 2.5mm jacks, Samsung IPS HD touchscreen, bi-directional USB DAC, expandable storage, FM radio, and step counter. 4.4mm remains FALSE because the official page confirms 2.5mm balanced, not 4.4mm.","","","","","","hidizs-ap80-pro.webp","","https://www.hidizs.net/products/ap80-pro-fully-balanced-lossless-music-player","Hidizs","","TRUE","","TRUE","","","","","4.2","UAT","TRUE","","","","2.5mm","","","","","","","","TRUE","","","","",""
"Hidizs","AP80 Pro Max","","2025","Active","$239","X1600E","HiByOS","","","TRUE","1300","Dual ES9219C","","TRUE","TRUE","70","190","https://www.hidizs.net/products/hidizs-ap80-pro-max-all-in-one-hi-res-streaming-music-player","Verified - Official: Hidizs AP80 Pro Max page confirms regular price $239, X1600E SoC, dual ES9219C DACs, HiByOS, 2.95in 360x640 touchscreen, native DSD256 and PCM 32/384 support, MQA 16x, 3.5mm SE output at 70mW + 70mW @32?, 4.4mm BAL output at 190mW + 190mW @32?, microSD support up to 2TB, 2.4GHz Wi-Fi with Tidal/Qobuz/DLNA/AirPlay, bidirectional Bluetooth 5.1 with SBC/AAC/aptX/LDAC/UAT, bidirectional USB DAC, 1300mAh battery, up to 12h playback, and 60-day standby.","","","","","","hidizs-ap80-pro-max.webp","","https://www.hidizs.net/products/hidizs-ap80-pro-max-all-in-one-hi-res-streaming-music-player","Hidizs","","","","TRUE","TRUE","","","","5.1","SBC, AAC, aptX, LDAC, UAT","TRUE","","","","4.4mm","32?","32?","2.95in","","","32-bit/384kHz","DSD256","TRUE","TIDAL, Qobuz, DLNA, AirPlay","2.4GHz","","12h","2TB"
"Hidizs","AP80 Pro X","","2021","Discontinued","$199","Ingenic X1000","HiBy OS 3.0","","0","TRUE","800","Dual ES9219C","","TRUE","FALSE","","","https://www.hidizs.net/products/ap80-pro-x-fully-balanced-lossless-music-player-ayfk","Verified - Official: Hidizs AP80 Pro-X page confirms AP80 Pro-X product page, regular price $199, pocket-sized DAP design, dual DAC/precision FPGA design, bidirectional Bluetooth 4.2 with UAT, 3.5mm SE and 2.5mm BAL jacks, two-way USB DAC, Sony LDAC, CSR aptX, step counter, and e-book function. 4.4mm remains FALSE because the official page confirms 2.5mm balanced, not 4.4mm; previously confirmed ES9219C/Ingenic X1000/800mAh/no onboard storage fields retained.","","","","","","hidizs-ap80-pro-x.webp","","https://www.hidizs.net/products/ap80-pro-x-fully-balanced-lossless-music-player-ayfk","Hidizs","","TRUE","","TRUE","","","","","4.2","aptX, LDAC, UAT","TRUE","","","","2.5mm","","","","","","","","","","","","",""
"HiFi Walker","H2","","2018","Active","$149","","Proprietary","","0","TRUE","1500","ES9018K2M","","TRUE","FALSE","70","","https://hifiwalker.com/products/h2","Verified - Official: HIFI WALKER H2 page confirms regular price $149, ES9018K2M DAC, native DSD64/DSD128, PCM up to 384kHz/32bit, 2.0in 320x240 display, 3.5mm single-ended/line out, 1.5Vrms line out, up to 70mW headphone output, USB DAC/OTG support, 64GB SD card included, microSD expansion up to 512GB, 1500mAh battery, and around 10h battery life. Storage set to 0 because the 64GB is included SD, not onboard storage.","","","","","","hifi-walker-h2.webp","","https://hifiwalker.com/products/h2","HiFi Walker","","","","","","","","","","","TRUE","TRUE","","","","","","2.0in","","","32-bit/384kHz","DSD128","","","","","10h","512GB"
"HiFi Walker","H2 Touch","","2024","Active","$189","","Proprietary","","0","TRUE","1500","ESS9219Q","","TRUE","FALSE","112","","https://hifiwalker.com/products/h2-touch","Verified - Official: HIFI WALKER H2 Touch page confirms ESS9219Q DAC, 2.4in 480x360 touchscreen, 3.5mm headphone/line out, 2Vrms max output, 112mW @32? headphone power, native DSD64/DSD128, PCM up to 384kHz/32bit, Bluetooth 5.2 with aptX-HD and LDAC, USB DAC support, 64GB TF card included, 1500mAh battery, and around 10h battery life. Storage set to 0 because the 64GB is included TF card, not onboard storage.","","","","","","hifi-walker-h2-touch.webp","","https://hifiwalker.com/products/h2-touch","HiFi Walker","","","","TRUE","","","","","5.2","aptX HD, LDAC","TRUE","TRUE","","","","32?","","2.4in","","","32-bit/384kHz","DSD128","","","","","10h",""
"iBasso","DX160","","2019","Discontinued","$399","Octa-core","Android 8.1","2","32","TRUE","","Dual CS43198","","TRUE","TRUE","","","https://ibasso.com/product/dx160/","Verified - Official Screenshot: iBasso DX160 official specifications screenshot confirms Android 8.1, dual CS43198 DACs, 3.5mm PO/LO/coax plus 4.4mm BAL and USB output, 5.0in 1080p screen, PCM 8kHz-384kHz 8/16/24/32bit, native DSD64/128/256, octa-core CPU, 2GB RAM, 32GB ROM, microSD SDHC/SDXC up to 2TB, Wi-Fi 802.11 b/g/n/ac 2.4/5GHz, USB DAC function, MQA and common file format support, 166g weight, and 12h 2020 / 13h 2019 average play time. Battery mAh and mW output not shown in screenshot, so those fields are left blank.","","","","","","ibasso-dx160.webp","","https://ibasso.com/product/dx160/","iBasso","","","","","TRUE","","","","","","TRUE","TRUE","TRUE","","4.4mm","","","5.0in","166g","","32-bit/384kHz","DSD256","TRUE","","2.4GHz, 5GHz","","12h 2020 / 13h 2019","2TB"
"iBasso","DX170","","2022","Discontinued","$449","RK3566","Android 11","2","32","TRUE","","Dual CS43131","","TRUE","TRUE","","","https://ibasso.com/product/dx170/","Verified - Official Screenshot: iBasso DX170 official specifications screenshot confirms Android 11, dual CS43131 DACs, 3.5mm phone/line/coax out, 4.4mm balanced phone out, USB output, 5.0in Sharp 1080x1920 on-cell capacitive touch panel, PCM 8kHz-384kHz 8/16/24/32bit, native DSD64/128/256, RK3566 SoC, 2GB RAM, 32GB ROM, microSD SDHC/SDXC up to 2TB, Wi-Fi 802.11 b/g/n/ac 2.4/5GHz, Bluetooth 5.0, USB DAC function, broad format support, 165g weight, 11h play time, 4.4mm 6.4Vrms, 3.5mm 3.2Vrms, and line out 3.2Vrms. Battery mAh and mW output not shown in screenshot, so those fields are left blank.","","","","","","ibasso-dx170.webp","","https://ibasso.com/product/dx170/","iBasso","","","","TRUE","TRUE","","","","5.0","","TRUE","TRUE","TRUE","","4.4mm","","","5.0in","165g","","32-bit/384kHz","DSD256","","","2.4GHz, 5GHz","","11h","2TB"
"iBasso","DX180","","2024","Active","$529","Snapdragon 665","Android 13","3 / 4","32 / 128","TRUE","3200","Quad CS43131","","TRUE","TRUE","281","690","https://ibasso.com/product/dx180/","Verified - Official Screenshot: iBasso DX180 official specifications screenshots confirm black/green/blue colors, 5.0in Sharp 1080x1920 on-cell capacitive touchscreen, USB-C 3.1, 3.5mm SE phone out, 4.4mm balanced phone out, 3.5mm/4.4mm line out, 3.5mm coaxial output, USB OTG output, Wi-Fi 802.11 b/g/n/ac 2.4/5GHz, Bluetooth 5.0, RAM+ROM options 3GB+32GB and 4GB+128GB, 3200mAh 3.8V Li-polymer battery, 1.5h charging, 15.5h low gain / 13h high gain / 30h line out playback, 123x75x16mm size, 206g weight, 4.4mm BAL output 690mW+690mW @32?, and 3.5mm SE output 281mW+281mW @32? / 525mW+525mW @16?. Existing Quad CS43131 DAC retained from public/official page family specs; DAC chip is not shown in these screenshots.","Black / Green / Blue","","","","","ibasso-dx180.webp","","https://ibasso.com/product/dx180/","iBasso","","","","TRUE","TRUE","","","","5.0","","","TRUE","TRUE","","4.4mm","32?","32?","5.0in","206g","123x75x16mm","","","","","2.4GHz, 5GHz","USB-C 3.1","15.5h low gain / 13h high gain / 30h line out","2TB"
"iBasso","DX240","","2021","Discontinued","$949","Snapdragon 660","Android 9","4","64","TRUE","4400","ES9038PRO","AMP1 MK3","TRUE","FALSE","281","","https://ibasso.com/product/dx240/","Verified - Official Screenshot: iBasso DX240 official specifications screenshot with AMP1 MK3 confirms black/green colors, 5.0in Sharp 1080x1920 on-cell capacitive touch panel, MQA and common audio formats, USB-C 3.1, 2.5mm balanced phone out, 3.5mm single-ended phone out, 3.5mm line out, 3.5mm coaxial out, USB OTG output, Wi-Fi 802.11 b/g/n/ac 2.4/5GHz, Bluetooth 5.0, 4GB LPDDR4X RAM, 64GB ROM, 4400mAh 3.8V Li-polymer battery, 2.5h charging, 11h average play time, 124x71.5x19.4mm size, 205g weight, AMP1 MK3 module, 2.5mm balanced output 6.2Vrms / 878mW @32?, and 3.5mm SE output 3.1Vrms / 281mW @32?. Main sheet keeps 4.4mm FALSE because the shown balanced output is 2.5mm with AMP1 MK3, not 4.4mm.","Black / Green","","","","","ibasso-dx240.webp","","https://ibasso.com/product/dx240/","iBasso","","TRUE","","TRUE","TRUE","","","","5.0","","","TRUE","TRUE","","2.5mm","32?","","5.0in","205g","124x71.5x19.4mm","","","TRUE","","2.4GHz, 5GHz","USB-C 3.1","11h",""
"iBasso","DX260","","2024","Discontinued","$949","Snapdragon 660","Android 11","4","64","TRUE","4400","Octa CS43198","","TRUE","TRUE","280","1015","https://ibasso.com/product/dx260/","Verified - Official Screenshot: iBasso DX260 official specifications screenshots confirm black/silver colors, 5.0in Sharp 1080x1920 on-cell capacitive touch panel, USB-C 3.1, 4.4mm balanced phone out, 3.5mm SE phone out, 4.4mm line out, 3.5mm line out, 3.5mm coaxial output, USB OTG output, Wi-Fi 802.11 b/g/n/ac 2.4/5GHz, Bluetooth 5.0, 4GB LPDDR4X RAM, 64GB ROM, 4400mAh 3.8V Li-polymer battery, 2.5h charging, 14h average play time, 123x74.5x17.5mm size, 229g weight, 4.4mm BAL output 6Vrms / 1015mW+1015mW @32?, 3.5mm SE output 3Vrms / 280mW+280mW @32? and 586mW+586mW @16?, 4.4mm line out 4Vrms, and 3.5mm line out 2Vrms. Existing Snapdragon 660/Android 11/Octa CS43198 retained from official/public specs because they are not shown in this screenshot section.","Black / Silver","","","","","ibasso-dx260.webp","","https://ibasso.com/product/dx260/","iBasso","","","","TRUE","TRUE","","","","5.0","","","TRUE","TRUE","","4.4mm","32?","32?","5.0in","229g","123x74.5x17.5mm","","","","","2.4GHz, 5GHz","USB-C 3.1","14h",""
"iBasso","DX300","","2021","Discontinued","$1199","Snapdragon 660","Android 9","6","128","TRUE","4000+2000","Quad CS43198","AMP11 MK2","TRUE","TRUE","350","1240","https://ibasso.com/product/dx300/","Verified - Official Screenshot: DX300 official specifications screenshot confirms 6GB LPDDR4X RAM, 128GB ROM, 4000mAh digital-section battery plus 2000mAh amp-section battery, 15h playback, 6.5in 2340x1080 IPS screen, 4.4mm/2.5mm balanced and 3.5mm SE outputs, Wi-Fi 2.4/5GHz 2x2 MIMO, Bluetooth 5.0, AMP11 MK2, 350mW SE @32?, and 1240mW BAL @32?. Existing SoC/OS/DAC retained from previous official/public specs because they are not visible in the screenshot.","Black / Blue","","","","","ibasso-dx300.webp","","https://ibasso.com/product/dx300/","iBasso","","TRUE","","TRUE","TRUE","","","","5.0","","","","","","2.5mm/4.4mm","32?","32?","6.5in","","","","","","","2.4GHz, 5GHz","","15h",""
"iBasso","DX320","","2022","Active","$1599","Snapdragon 660","Android 11","6","128","TRUE","4000+2000","Dual ROHM BD34301EKV","AMP11 MK2s","TRUE","TRUE","380","1200","https://ibasso.com/product/dx320/","Verified - Official Screenshot: DX320 official specifications screenshot confirms 6GB LPDDR4X RAM, 128GB ROM, 4000mAh digital-section battery plus 2000mAh amp-section battery, 10h playback, 6.5in 2340x1080 IPS screen, 4.4mm/2.5mm balanced and 3.5mm SE outputs, Wi-Fi 2.4/5GHz 2x2 MIMO, Bluetooth 5.0, AMP11 MK2s, 380mW SE @32?, and 1200mW BAL @32?. Existing SoC/OS/DAC retained from previous official/public specs because they are not visible in the screenshot.","Black / Green","","","","","ibasso-dx320.webp","","https://ibasso.com/product/dx320/","iBasso","","TRUE","","TRUE","TRUE","","","","5.0","","","","","","2.5mm/4.4mm","32?","32?","6.5in","","","","","","","2.4GHz, 5GHz","","10h",""
"iBasso","DX340","","2025","Active","$1699","Snapdragon 665","Android 13","8","256","TRUE","","","","TRUE","TRUE","","","https://ibasso.com/product/dx340/","Verified - Web: iBasso product page confirms DX340 product page and $1699 listing; What Hi-Fi coverage confirms Snapdragon 665, Android 13/Mango OS dual OS, 256GB storage, microSD up to 2TB, 1-bit discrete DAC architecture, 3.5mm/balanced outputs, Bluetooth 5.0, 6.0in AMOLED display, and $1699 standard pricing.","","","","","","ibasso-dx340.webp","","https://ibasso.com/product/dx340/","iBasso","","","","TRUE","","","","","5.0","","","","","","Balanced","","","6.0in","","","","","","","","","","2TB"
"Shanling","M0 Pro","","2022","Active","$129","MIPS","MTouch OS","","","TRUE","650","Dual ES9219C","","TRUE","FALSE","","236","https://headfonics.com/shanling-m0-pro-review/","Verified - Review: Headfonics confirms M0 Pro as a $129.99 compact DAP with dual ES9219C DACs, Ingenic X1000 platform, MTouch OS, no internal storage, microSD up to 2TB, 650mAh battery, 3.5mm output, USB DAC mode, LDAC transmission, and adapter-based 4.4mm capability. 4.4mm remains FALSE because there is no native 4.4mm port.","","","","","","shanling-m0-pro.webp","","https://headfonics.com/shanling-m0-pro-review/","Shanling","","","","TRUE","","","","","","LDAC","TRUE","","","","Adapter-based 4.4mm","","","","","","","","","","","","","2TB"
"Shanling","M0 Pura","","2026","Active","$129","Ingenic X1000","MTouch OS","","","TRUE","650","Dual CS43131","","TRUE","FALSE","","250","https://headfonics.com/shanling-m0-pura-review/","Verified - Review: Headfonics confirms M0 Pura as a $129 pocket DAP with MTouch OS, Ingenic X1000 platform, dual CS43131 DACs, 650mAh battery, microSD up to 2TB, 3.5mm output, 100mW SE and 250mW balanced via proprietary 3.5mm-to-4.4mm adapter. 4.4mm remains FALSE because there is no native 4.4mm port.","","","","","","shanling-m0-pura.webp","","https://headfonics.com/shanling-m0-pura-review/","Shanling","","","","","","","","","","","","","","","Adapter-based 4.4mm","","","","","","","","","","","","","2TB"
"Shanling","M1 Plus","","2025","Active","$209","Ingenic X2000","Shanling OS","","0","TRUE","2100","ES9069Q","Dual SGM8262","TRUE","TRUE","","661","https://headfonics.com/shanling-m1-plus-review/","Verified - Review: Headfonics confirms M1 Plus as a $209 MTouch OS DAP with ES9069Q DAC, dual SGM8262 amps, 3.5mm SE + 4.4mm balanced outputs, 660mW @32? balanced, microSD up to 2TB, Bluetooth 5.2, 12.5h official SE battery rating, and no onboard storage.","","","","","","shanling-m1-plus.webp","","https://headfonics.com/shanling-m1-plus-review/","Shanling","","","","TRUE","","","","","5.2","","","","","","4.4mm","","32?","","","","","","","","","","12.5h","2TB"
"Shanling","M2X","","2019","Discontinued","$219","Ingenic X1000","HiBy OS","","","TRUE","2400","AK4490EN","","TRUE","FALSE","","","https://headfonics.com/shanling-m2x-review/","Verified - Review: Headfonics confirms M2X as a $219 non-Android/HiBy OS DAP with AK4490EN DAC, LDAC, Wi-Fi, TIDAL, balanced output, microSD support, 32GB built-in storage, 10h official battery life, and Bluetooth 4.2. 4.4mm set FALSE because the review confirms balanced output but does not confirm native 4.4mm.","","","","","","shanling-m2x.webp","","https://headfonics.com/shanling-m2x-review/","Shanling","","","","TRUE","TRUE","","","","4.2","LDAC","","","","","4.4mm","","","","","","","","","TIDAL","","","10h",""
"Shanling","M3 Plus","","2026","Active","$499","Snapdragon 665","Android 13","4","64","TRUE","3500","Quad CS43198","Quad OPA1612 + Dual SGM8262","TRUE","TRUE","200","800","https://headfonics.com/shanling-m3-plus-review/","Verified - Review: Headfonics confirms M3 Plus as a $499 Android 13 DAP with Snapdragon 665, 4GB RAM, 64GB storage, quad CS43198 DACs, dual SGM8262 amps, Bluetooth 5.0, 4.7in 720p display, 3.5mm/4.4mm outputs, and 800mW balanced output @32?. Existing battery field retained from public specs.","","","","","","shanling-m3-plus.webp","","https://headfonics.com/shanling-m3-plus-review/","Shanling","","","","TRUE","","","","","5.0","","","","","","4.4mm","32?","32?","4.7in","","","","","","","","","",""
"Shanling","M3 Ultra","","2022","Active","$469","Snapdragon 665","Android 10","3","32","TRUE","3500","Quad ES9219C","","TRUE","TRUE","","260","https://headfonics.com/shanling-m3-ultra-review/","Verified - Review: Headfonics confirms M3 Ultra as a $479.99 Android 10 DAP with Snapdragon 665, 3GB RAM, 32GB storage, dual ES9219C DACs, dual RT6863 amps, 3.5mm + 4.4mm outputs, microSD support, 3500mAh battery, and up to 260mW output.","","","","","","shanling-m3-ultra.webp","","https://headfonics.com/shanling-m3-ultra-review/","Shanling","","","","","","","","","","","","","","","4.4mm","","","","","","","","","","","","",""
"Shanling","M3X","","2021","Discontinued","$339","Snapdragon 430","Android 7.1","2","32","TRUE","3200","Dual ES9219C","","TRUE","TRUE","","240","https://headfonics.com/shanling-m3x-review/","Verified - Review: Headfonics confirms M3X as a $339 Android DAP with dual ES9219C DACs, Snapdragon 430 SoC, 2GB RAM, microSD up to 2TB, 23h official battery life, MQA 16x, Bluetooth transmit/receive, and DSD256/PCM32-384 decoding. Output power retained from existing public specs.","","","","","","shanling-m3x.webp","","https://headfonics.com/shanling-m3x-review/","Shanling","","","","TRUE","","","","","","","","","","","","","","","","","32-bit/384kHz","DSD256","TRUE","","","","23h","2TB"
"Shanling","M5 Ultra","","2025","Active","$589","Ingenic X2000","MTouch 4.0","","","TRUE","","AK4191EQ + AK4499EX","TPA6120A2","TRUE","TRUE","","1100","https://headfonics.com/shanling-m5-ultra-review/","Verified - Review: Headfonics confirms M5 Ultra as a $589 MTouch 4.0 pure music DAP with Ingenic X2000 CPU, AK4191EQ + AK4499EX DAC chips, TPA6120A2 op-amps, 3.5mm/4.4mm outputs, XMOS XU316 USB solution, TIDAL support, and up to 1100mW balanced output @32?. Storage and battery left blank pending official readable spec table.","","","","","","shanling-m5-ultra.webp","","https://headfonics.com/shanling-m5-ultra-review/","Shanling","","","","","","","","","","","","","","","4.4mm","32?","32?","","","","","","","TIDAL","","","",""
"Shanling","M6","","2019","Discontinued","$499","Snapdragon 430","Android 7.1","4","32","TRUE","4000","Dual AK4495SEQ","","TRUE","TRUE","160","350","https://en.shanling.com/product/244","Verified - Official Screenshot: Shanling M6 official specifications screenshot confirms Android 7.1, 4.7in 720x1280 Sharp IPS HD screen, 228g weight, 32GB ROM plus external microSD up to 2TB, dual AK4495SEQ DACs, Bluetooth 4.2 with bidirectional LDAC/SBC and transmit-only HWA LHDC/aptX HD/aptX, 2.4G/5G Wi-Fi, 4000mAh battery, 12h single-ended / 9h balanced battery life, 160mW SE @32?, and 350mW balanced @32?. 4.4mm remains TRUE from existing M6 row, but note that this screenshot does not explicitly show connector type for balanced output.","","","","","","shanling-m6.webp","","https://en.shanling.com/product/244","Shanling","","","","TRUE","TRUE","","","","4.2","SBC, aptX HD, LDAC, LHDC, HWA","","","","","4.4mm","32?","32?","4.7in","228g","","","","","","2.4GHz, 5GHz","","12h single-ended / 9h balanced","2TB"
"Shanling","M6 Pro","","2020","Discontinued","$759","Snapdragon 430","Android 7.1","4","32","TRUE","4000","Dual AK4497EQ","2x OPA1662 + 2x ADA4610-2 + 4x BUF634","TRUE","TRUE","","600","https://headfonics.com/shanling-m6-pro-review/","Verified - Review: Headfonics confirms M6 Pro as a $759 Android 7.1 DAP with Snapdragon 430, 4GB RAM, dual AK4497EQ DACs, 3.5mm/2.5mm/4.4mm outputs, microSD slot, OPA1662 + ADA4610-2 + BUF634 amp stage, and up to 600mW @32? output. Battery/storage retained from public specs.","","","","","","shanling-m6-pro.webp","","https://headfonics.com/shanling-m6-pro-review/","Shanling","","TRUE","","","","","","","","","","","","","2.5mm/4.4mm","","","","","","","","","","","","",""
"Shanling","M6 Ultra","","2022","Active","$919","Snapdragon 665","Android 10","3","64","TRUE","5650","Quad AK4493SEQ","OPA1612/OPA2211/LTA8092/BUF634A","TRUE","TRUE","240","720","https://headfonics.com/shanling-m6-ultra-review/","Verified - Review: Headfonics confirms M6 Ultra as a $919.99 Android 10 DAP with Snapdragon 665, 3GB RAM, quad AK4493SEQ DACs, 3.5mm + 4.4mm outputs, 240mW SE and 720mW BAL @32?, 5in Sharp Full-HD display, and M8-style design.","","","","","","shanling-m6-ultra.webp","","https://headfonics.com/shanling-m6-ultra-review/","Shanling","","","","","","","","","","","","","","","4.4mm","32?","32?","5in","","","","","","","","","",""
"Shanling","M7","","2022","Active","$1249","Snapdragon 665","Android 10","6","128","TRUE","7000","ES9038PRO","ADA4896-2 + MUSES8920 + OPA2211 + BUF634A","TRUE","TRUE","","900","https://headfonics.com/shanling-m7-review/","Verified - Review: Headfonics confirms M7 as a $1249 Android 10 DAP with Snapdragon 665, 6GB RAM, 128GB storage, ES9038PRO DAC, 3.5mm + 4.4mm outputs, 900mW @32? balanced output, 5in 1080p Sharp display, and no 2.5mm output.","","","","","","shanling-m7.webp","","https://headfonics.com/shanling-m7-review/","Shanling","","FALSE","","","","","","","","","","","","","4.4mm","","32?","5in","","","","","","","","","",""
"Shanling","M8","","2020","Discontinued","$1659","Snapdragon 430","Android 7.1","4","64","TRUE","7000","Dual AK4499EQ","OPA1662 + ADA4610-2 + BUF634A","TRUE","TRUE","260","840","https://headfonics.com/shanling-m8-review/","Verified - Review: Headfonics confirms M8 as a $1659 flagship DAP with dual AK4499EQ DACs, Snapdragon 430, Android 7.1, 7000mAh battery, interchangeable sockets supporting 3.5mm/2.5mm/4.4mm/3.5 Pro, 260mW SE and 840mW BAL @32?, and Bluetooth 5.0.","","","","","","shanling-m8.webp","","https://headfonics.com/shanling-m8-review/","Shanling","","TRUE","","TRUE","","","","","5.0","","","","","","2.5mm/4.4mm","32?","32?","","","","","","","","","","",""
"Shanling","M8T","","2026","Upcoming","","Snapdragon 665","Android","","","TRUE","","","","TRUE","TRUE","","","https://en.shanling.com/","Needs Source: Shanling M8T is still upcoming and no official product page is available yet. Keep as upcoming/speculative until Shanling publishes an official page or credible launch coverage appears.","","","","","","shanling-m8t.webp","","https://en.shanling.com/","Shanling","","","","","","","","","","","","","","","","","","","","","","","","","","","",""
"Shanling","M9","","2021","Discontinued","$2799","Snapdragon 665","Android 10","8","256","TRUE","8350","Dual AK4499EQ","","TRUE","TRUE","","920","https://headfonics.com/shanling-m9-review/","Verified - Review: Headfonics confirms M9 as a $2799 flagship DAP with dual AK4499EQ DACs, Android 10, Bluetooth 5.0, 16x MQA, PCM32-768/DSD512 decoding, and up to 920mW output power. Existing SoC/RAM/storage/battery retained from public specs.","","","","","","shanling-m9.webp","","https://headfonics.com/shanling-m9-review/","Shanling","","","","TRUE","","","","","5.0","","","","","","","","","","","","32-bit/768kHz","DSD512","TRUE","","","","",""
"Sony","NW-A306","","2023","Active","$349","","Android 12","4","32","TRUE","","","","TRUE","FALSE","1.1","","https://www.sony.com/electronics/support/digital-music-players-nw-nwz-a-series/nw-a306/specifications","Verified - Official: Sony USA support specs confirm NW-A306 dimensions/weight, Android 12, 32GB memory, 3.6in 1280x720 display, USB-C, 3.5mm stereo mini jack, microSD support, Bluetooth 5.0 with LDAC/aptX HD/AAC transmission, battery playback ratings up to 36h MP3 / 32h FLAC 96/24, and 0.4-1.1mW @32? headphone output. RAM retained from public specs; battery mAh not listed.","","","","","","sony-nw-a306.webp","","https://www.sony.com/electronics/support/digital-music-players-nw-nwz-a-series/nw-a306/specifications","Sony","","","","TRUE","","","","","5.0","AAC, aptX HD, LDAC","","","","","","","","3.6in","113g","","","","","","","USB-C","36h MP3 / 32h FLAC 96/24",""
"Sony","NW-A307","","2023","Active","$399","","Android 12","4","64","TRUE","","","","TRUE","FALSE","","","https://en.wikipedia.org/wiki/Walkman_A_Series","Verified - Web: A300-series source confirms NW-A307 as the 64GB variant of the NW-A306/A300 family with Android 12, USB-C, 3.6in 1280x720 display, 113g weight, and A300 family battery range. Main sheet keeps 4.4mm FALSE because A300 has only stereo mini jack, no native balanced output. Needs exact official NW-A307 support page if available.","","","","","","sony-nw-a307.webp","","https://en.wikipedia.org/wiki/Walkman_A_Series","Sony","","","","","","","","","","","","","","","","","","3.6in","113g","","","","","","","USB-C","",""
"Sony","NW-WM1AM2","","2022","Active","$1399","","Android 11","4","128","TRUE","","S-Master HX","","TRUE","TRUE","60","250","https://www.sony.com/electronics/support/digital-music-players-nw-wm-series/nw-wm1am2/specifications","Verified - Official: Sony USA support specs confirm NW-WM1AM2 Android 11, 128GB memory, microSD support, USB-C, 5in 1280x720 display, 3.5mm stereo mini jack and balanced standard jack, Bluetooth 5.0, Wi-Fi 2.4/5GHz, broad hi-res/MQA support, 60mW + 60mW SE high gain and 250mW + 250mW balanced high gain at 16?, and W.Music battery ratings up to 40h.","","","","","","sony-nw-wm1am2.webp","","https://www.sony.com/electronics/support/digital-music-players-nw-wm-series/nw-wm1am2/specifications","Sony","","","","TRUE","TRUE","","","","5.0","","","","","","4.4mm","16?","16?","5in","","","","","TRUE","","2.4GHz, 5GHz","USB-C","40h",""
"Sony","NW-WM1ZM2","","2022","Active","$3699","","Android 11","4","256","TRUE","","S-Master HX","","TRUE","TRUE","60","250","https://www.sony.com/electronics/support/digital-music-players-nw-wm-series/nw-wm1zm2/specifications","Verified - Official: Sony USA support specs confirm NW-WM1ZM2 Android 11, 256GB memory, microSD support, USB-C, 5in 1280x720 display, 3.5mm stereo mini jack and balanced standard jack, Bluetooth 5.0, Wi-Fi 2.4/5GHz, broad hi-res/MQA support, 60mW + 60mW SE high gain and 250mW + 250mW balanced high gain at 16?, and W.Music battery ratings up to 40h.","","","","","","sony-nw-wm1zm2.webp","","https://www.sony.com/electronics/support/digital-music-players-nw-wm-series/nw-wm1zm2/specifications","Sony","","","","TRUE","TRUE","","","","5.0","","","","","","4.4mm","16?","16?","5in","","","","","TRUE","","2.4GHz, 5GHz","USB-C","40h",""
"Sony","NW-ZX507","","2019","Discontinued","$829","","Android 9","4","64","TRUE","1500","","","TRUE","TRUE","50","200","https://www.sony.com/electronics/support/digital-music-players-nw-nwz-zx-series/nw-zx507/specifications","Verified - Official: Sony USA support specs confirm NW-ZX507 Android 9.0, 64GB memory, microSD, USB-C, 3.5mm stereo mini jack, balanced standard-jack, 3.6in 1280x720 display, 50mW + 50mW SE and 200mW + 200mW balanced high gain, and detailed battery ratings.","","","","","","sony-nw-zx507.webp","","https://www.sony.com/electronics/support/digital-music-players-nw-nwz-zx-series/nw-zx507/specifications","Sony","","","","","","","","","","","","","","","4.4mm","","","3.6in","","","","","","","","USB-C","",""
"Sony","NW-ZX707","","2023","Active","$899","","Android 12","4","64","TRUE","1500","","","TRUE","TRUE","1.1","1.1","https://www.sony.com/electronics/support/digital-music-players-nw-nwz-zx-series/nw-zx707/specifications","Verified - Official: Sony USA support specs confirm NW-ZX707 Android 12, 64GB memory, microSD, USB-C, 3.5mm stereo mini jack, balanced standard-jack, 5in 1280x720 display, Bluetooth 5.0, and battery playback ratings up to 25h SE / 24h balanced MP3. Output entered from Sony USA JEITA spec as 0.4-1.1mW @32?; regional uncapped variants may differ.","","","","","","sony-nw-zx707.webp","","https://www.sony.com/electronics/support/digital-music-players-nw-nwz-zx-series/nw-zx707/specifications","Sony","","","","TRUE","","","","","5.0","","","","","","4.4mm","32?","","5in","","","","","","","","USB-C","25h SE / 24h balanced MP3",""
"Surfans","F20","","2019","Active","$123.99","","Proprietary","","0","TRUE","1500","ES9018K2M","Dedicated amp","TRUE","FALSE","70","","https://www.surfans.net/products/surfans-f20","Verified - Official: Surfans F20 product page confirms regular price $123.99, ES9018K2M DAC, dedicated amp, 2.0in 320x240 display, 3.5mm headphone plus line-out ports, max headphone output 70mW @32?, Bluetooth 5.2 with aptX/LDAC/AptX-HD support, USB DAC mode, USB-SPDIF output, microSD up to 512GB, 1500mAh battery, 94x57x15mm size, about 108g weight, and no streaming apps/no built-in network module.","","","","","","surfans-f20.webp","","https://www.surfans.net/products/surfans-f20","Surfans","","","","TRUE","FALSE","","","","5.2","aptX HD, aptX, LDAC","TRUE","TRUE","TRUE","","","32?","","2.0in","108g","94x57x15mm","","","","","","","","512GB"
"Surfans","F28","","2024","Active","$179.99","","Proprietary","","0","TRUE","2500","Dual ES9018K2M","","TRUE","TRUE","125","450","https://www.surfans.net/products/surfans-f28","Verified - Official: Surfans F28 product page confirms regular price $179.99, dual ES9018K2M DACs plus FPGA, 3.5in 320x480 display, 3.5mm SE and 4.4mm BAL outputs, 125mW SE and 450mW BAL @32?, 12h playback, 2500mAh battery, microSD up to 512GB, 101.5x65x15mm size, about 140g weight, Bluetooth with LDAC, and physical side controls.","","","","","","surfans-f28.webp","","https://www.surfans.net/products/surfans-f28","Surfans","","","","TRUE","","","","","","LDAC","","","","","4.4mm","32?","32?","3.5in","140g","101.5x65x15mm","","","","","","","12h","512GB"
"Surfans","F35","","2025","Active","$349.99","","Proprietary","","0","TRUE","3000","ES9038Q2M","","TRUE","TRUE","125","400","https://www.surfans.net/products/surfans-f35","Verified - Official: Surfans F35 product page confirms regular price $349.99, ES9038Q2M DAC plus FPGA, 4.0in 480x800 display, 3.5mm SE and 4.4mm BAL outputs, 125mW SE and 400mW BAL @32?, 3000mAh battery, microSD up to 512GB, 119.5x66.6x18mm size, about 256g weight, 20-40kHz frequency response, SNR 120dB, Bluetooth/LDAC/aptX feature badges, and up to about 10-12h playback depending on page section.","","","","","","surfans-f35.webp","","https://www.surfans.net/products/surfans-f35","Surfans","","","","TRUE","","","","","","aptX, LDAC","","","","","4.4mm","32?","32?","4.0in","256g","119.5x66.6x18mm","","","","","","","10-12h","512GB"
"TempoTec","V3","","2023","Active","$199","","HiBy OS","","","TRUE","3500","Dual AK4493SEQ","","TRUE","TRUE","330","610","https://www.tempotec.net/products/tempotec-v3","Verified - Official: TempoTec V3 product page confirms $199 pricing, dual AK4493SEQ DACs, HiBy OS, TIDAL/Qobuz support, two-way Bluetooth 5.1 with LDAC/AAC/aptX/aptX-HD, 2.4GHz Wi-Fi, microSD/USB/Bluetooth inputs, 3.5mm SE + 4.4mm BAL outputs, 3500mAh battery, DSD512/MQA 16x/DXD/PCM32-768 support, and 330mW SE / 610mW BAL @32?.","","","","","","tempotec-v3.webp","","https://www.tempotec.net/products/tempotec-v3","TempoTec","","","","TRUE","TRUE","","","","5.1","AAC, aptX HD, aptX, LDAC","","","","","4.4mm","32?","32?","","","","32-bit/768kHz","DSD512","TRUE","TIDAL, Qobuz","2.4GHz","","",""
"TempoTec","V6","","2022","Discontinued","$369","","Android 8.1","2","16","TRUE","4500","Dual AK4493SEQ","","TRUE","TRUE","330","610","https://www.tempotec.net/products/tempotec-v6","Verified - Official: TempoTec V6 product page confirms Android 8.1, dual AK4493SEQ DACs, microSD/LDAC/AAC/aptX-HD/aptX/USB DAC sources, streaming apps, DSD512/MQA 16x/DXD/PCM32-768 support, 3.5mm + 4.4mm outputs, and 330mW SE / 610mW BAL @32?. MSRP kept at $369 retail; current clearance price shown as $169 on official page.","","","","","","tempotec-v6.webp","","https://www.tempotec.net/products/tempotec-v6","TempoTec","","","","TRUE","","","","","","AAC, aptX HD, LDAC","TRUE","","","","4.4mm","32?","32?","","","","32-bit/768kHz","DSD512","TRUE","Streaming apps","","","",""
